{
  "model_name": "SVM (RBF)",
  "accuracy": 0.7302525523911876,
  "f1_score": 0.7355466236816449,
  "precision": 0.7442724681472731,
  "recall": 0.7302525523911876,
  "class_report": {
    "A": {
      "precision": 0.7538994800693241,
      "recall": 0.7909090909090909,
      "f1-score": 0.771960958296362,
      "support": 550.0
    },
    "D": {
      "precision": 0.4922779922779923,
      "recall": 0.5567685589519651,
      "f1-score": 0.5225409836065574,
      "support": 458.0
    },
    "H": {
      "precision": 0.8733681462140992,
      "recall": 0.7842907385697538,
      "f1-score": 0.8264360716491661,
      "support": 853.0
    },
    "accuracy": 0.7302525523911876,
    "macro avg": {
      "precision": 0.7065152061871385,
      "recall": 0.7106561294769366,
      "f1-score": 0.7069793378506951,
      "support": 1861.0
    },
    "weighted avg": {
      "precision": 0.7442724681472731,
      "recall": 0.7302525523911876,
      "f1-score": 0.7355466236816449,
      "support": 1861.0
    }
  }
}