Model,Precision,Recall,F1 Score,Accuracy
best_model,0.7442724681472731,0.7302525523911876,0.7355466236816449,0.7302525523911876
ensemble_model,0.6629884666011088,0.6856528747984955,0.6566740641752595,0.6856528747984955
deep_nn,0.6438295931614681,0.6695325094035465,0.6452640773267488,0.6695325094035465
xgboost,0.6411086029259386,0.6663084363245567,0.6393872628252814,0.6663084363245567
shallow_nn,0.5943734231030848,0.6367544331004836,0.5911193133002548,0.6367544331004836
random_forest,0.605437510317656,0.6346050510478237,0.6102010980975046,0.6346050510478237
